{
  "Normal": {
    "precision": 0.9561607033825864,
    "recall": 0.9015544041450777,
    "f1-score": 0.928054995851606,
    "support": 8685.0
  },
  "Insult": {
    "precision": 0.7893961708394698,
    "recall": 0.7080581241743725,
    "f1-score": 0.7465181058495822,
    "support": 3028.0
  },
  "Hate Speech": {
    "precision": 0.8523973675963648,
    "recall": 0.8845528455284553,
    "f1-score": 0.8681774656878392,
    "support": 3075.0
  },
  "Flaming": {
    "precision": 0.5103906899418121,
    "recall": 0.4655041698256255,
    "f1-score": 0.48691514670896113,
    "support": 1319.0
  },
  "Sexual Harassment": {
    "precision": 0.8422442244224423,
    "recall": 0.9444855662472242,
    "f1-score": 0.8904396371249128,
    "support": 1351.0
  },
  "micro avg": {
    "precision": 0.8673724277387891,
    "recall": 0.835376331767671,
    "f1-score": 0.8510737628384687,
    "support": 17458.0
  },
  "macro avg": {
    "precision": 0.7901178312365351,
    "recall": 0.7808310219841511,
    "f1-score": 0.7840210702445802,
    "support": 17458.0
  },
  "weighted avg": {
    "precision": 0.8664650296005537,
    "recall": 0.835376331767671,
    "f1-score": 0.8497814869251182,
    "support": 17458.0
  },
  "samples avg": {
    "precision": 0.8337152021995646,
    "recall": 0.835376331767671,
    "f1-score": 0.8342689120556,
    "support": 17458.0
  }
}